Num,,pdb_id,,number_chain,,Protein_1,,protein_2,,Difficulty
0,,5bxq,,5,,A B,,D C,,0
1,,1a3b,,3,,H,,I,,0
2,,1a4y,,4,,D,,E,,0
3,,1ahw,,3,,A D E,,F,,1
4,,1ak4,,4,,A B,,C D,,0
5,,1akj,,4,,D E,,A,,0
6,,1ava,,4,,B,,D,,0
7,,1avg,,3,,H,,I,,0
8,,1avz,,3,,B,,C,,0
9,,1azz,,4,,A B,,C D,,1
10,,1b27,,6,,A,,D,,0
11,,1b2s,,6,,C,,F,,0
12,,1b2u,,6,,A,,D,,0
13,,1b3s,,6,,A,,D,,0
14,,1b6c,,8,,D,,C,,0
15,,1bj1,,3,,L H K J,,V W,,1
16,,1bql,,3,,L H,,Y,,0
17,,1brs,,6,,A,,D,,0
18,,1bth,,3,,H,,P,,0
19,,1bvk,,3,,A B,,C,,0
20,,1c9t,,12,,A,,G,,0
21,,1ca0,,4,,B C,,D,,0
22,,1cbw,,4,,B C,,D,,0
23,,1cmx,,4,,A C,,B,,0
24,,1cn4,,3,,A B,,C,,1
25,,1cz8,,3,,L H Y X,,V W,,1
26,,1de4,,9,,A D,,F C,,1
27,,1dee,,8,,F,,H,,0
28,,1dit,,3,,H,,P,,0
29,,1dqj,,3,,A B,,C,,0
30,,1du3,,12,,K J,,H,,0
31,,1dzb,,4,,B,,Y,,0
32,,1e3u,,4,,A,,C,,0
33,,1e4k,,3,,A B,,C,,0
34,,1e6e,,4,,C,,D,,0
35,,1e6j,,3,,H L,,P,,0
36,,1eaw,,4,,C,,D,,0
37,,1eer,,3,,C B,,A,,0
38,,1efn,,4,,C,,D,,0
39,,1efx,,5,,A,,D,,0
40,,1eo8,,4,,A,,H L,,0
41,,1ewy,,3,,A B,,C,,0
42,,1ezs,,4,,A B,,C D,,1
43,,1ezu,,4,,A B,,C D,,1
44,,1fak,,4,,H,,I,,0
45,,1fe8,,9,,I M,,B,,0
46,,1ffw,,4,,C,,D,,0
47,,1ffx,,5,,A B C D,,E,,0
48,,1fg9,,5,,A B,,D,,0
49,,1flt,,4,,V W,,X,,0
50,,1fqj,,5,,A C,,B,,0
51,,1fsk,,12,,E F,,D,,0
52,,1gcq,,3,,A B,,C,,0
53,,1gl1,,6,,A,,I,,0
54,,1gng,,4,,B,,Y,,0
55,,1go4,,8,,E F H G,,A D,,0
56,,1gpw,,6,,E,,F,,0
57,,1gxd,,4,,D,,B,,0
58,,1hcf,,4,,A B,,X,,0
59,,1hez,,5,,E,,C,,0
60,,1hia,,6,,X Y,,J,,0
61,,1hqr,,4,,A B,,D,,0
62,,1hrt,,3,,H,,I,,0
63,,1hxy,,4,,A B,,D,,0
64,,1i2m,,4,,A,,B,,0
65,,1i3o,,6,,D B A,,E,,0
66,,1i4d,,3,,A B,,D,,0
67,,1i51,,6,,C D,,F,,0
68,,1i5k,,4,,B,,C,,0
69,,1i8k,,3,,A B,,C,,0
70,,1i8l,,4,,B,,D,,0
71,,1ib1,,8,,C D H,,G,,0
72,,1ibr,,4,,C,,D,,0
73,,1icf,,6,,C D,,J,,0
74,,1id5,,3,,I,,H,,0
75,,1ihs,,3,,H,,I,,0
76,,1ijk,,3,,B C,,A,,0
77,,1iqd,,3,,A B,,C,,0
78,,1jmo,,3,,H,,A,,0
79,,1jps,,3,,L H,,T,,0
80,,1jrh,,3,,L H,,I,,0
81,,1jtg,,4,,D,,C,,0
82,,1jwh,,4,,A B,,C D,,0
83,,1k2d,,3,,A B,,P,,0
84,,1k5d,,12,,I,,G,,0
85,,1k93,,6,,C,,F,,0
86,,1kgy,,8,,C B,,F,,0
87,,1kig,,3,,H,,I,,0
88,,1kkl,,6,,C B,,J,,0
89,,1ktk,,6,,B,,F,,0
90,,1kxq,,8,,C,,F,,0
91,,1kxt,,6,,D,,C,,0
92,,1kxv,,4,,D,,B,,0
93,,1l0x,,4,,D,,C,,0
94,,1l0y,,4,,D,,C,,0
95,,1l2w,,12,,A B,,I,,0
96,,1lfd,,4,,A,,B,,0
97,,1lj2,,4,,A B,,C D,,0
98,,1lm8,,4,,H,,V,,0
99,,1lqb,,4,,C,,D,,0
100,,1lqs,,4,,L M,,S R,,0
101,,1mhh,,6,,A,,E,,0
102,,1mi5,,5,,A C,,E D,,0
103,,1mlc,,6,,A B,,E,,0
104,,1mq8,,4,,A,,B,,0
105,,1mtn,,8,,B C,,D,,0
106,,1mxe,,4,,A,,E,,0
107,,1n64,,3,,H L,,P,,0
108,,1nb5,,12,,A P,,I,,0
109,,1nca,,3,,N,,L H,,0
110,,1nez,,4,,A,,H B J,,0
111,,1nf3,,4,,A,,C,,0
112,,1nl0,,3,,L H,,G,,0
113,,1nm5,,3,,A B,,C,,0
114,,1nma,,3,,L H,,N,,1
115,,1nsn,,3,,L H,,S,,0
116,,1nvu,,3,,S,,R,,0
117,,1nys,,4,,A C,,B D,,0
118,,1nyu,,4,,A C,,B D,,0
119,,1o94,,6,,A,,C D,,0
120,,1o95,,6,,A,,E F,,0
121,,1ob1,,6,,A B,,C,,0
122,,1oey,,8,,A,,J,,0
123,,1ogy,,16,,A,,B,,0
124,,1oqe,,18,,J,,R,,0
125,,1oyv,,3,,A B,,I,,0
126,,1p0s,,3,,E,,H,,0
127,,1p1z,,4,,A,,D,,0
128,,1p22,,3,,A,,C,,0
129,,1p27,,4,,C,,D,,0
130,,1p2c,,6,,A B,,C,,0
131,,1p3q,,4,,Q R,,V,,0
132,,1p4b,,3,,H L,,P,,0
133,,1p4l,,4,,A,,D,,0
134,,1p9m,,3,,A C,,B,,1
135,,1pk1,,4,,A,,B,,0
136,,1psb,,4,,A,,C,,0
137,,1pvh,,4,,A,,B,,0
138,,1pxv,,4,,A,,C,,0
139,,1qa9,,4,,A,,B,,0
140,,1qfu,,4,,L H,,A,,1
141,,1qfw,,6,,A B,,L H,,0
142,,1qse,,5,,A,,C,,0
143,,1qty,,8,,W V,,Y,,0
144,,1qur,,3,,H,,I,,0
145,,1r6q,,4,,A,,C,,0
146,,1rlb,,6,,A B D,,F,,0
147,,1rpq,,8,,A,,W,,0
148,,1rv6,,4,,W V,,Y,,0
149,,1rvj,,3,,NaN,,NaN,,2
150,,1s1q,,4,,A,,B,,0
151,,1s4y,,4,,D,,C,,0
152,,6s53,,12,,A B,,C D,,0
153,,1sbb,,4,,A C,,D,,0
154,,1sg1,,3,,A B,,X,,0
155,,1shz,,4,,A,,C,,0
156,,1sv0,,4,,A,,C,,0
157,,1sy6,,3,,L H,,A,,0
158,,1tbq,,6,,R,,H,,0
159,,1tbr,,6,,S,,K,,0
160,,1th1,,4,,A,,C,,0
161,,1toc,,12,,B,,R,,0
162,,1tt5,,6,,B,,E,,0
163,,1ty4,,4,,A,,C,,0
164,,1tzh,,6,,W V,,L H,,0
165,,1tzi,,3,,A B,,V,,1
166,,1tzn,,28,,O,,o,,0
167,,1u7f,,3,,A C,,B,,0
168,,1u7v,,3,,A C,,B,,0
169,,1uad,,4,,A,,C,,0
170,,1uex,,3,,A B,,C,,0
171,,1ul1,,6,,B,,Y,,0
172,,1usv,,8,,A,,B,,0
173,,1uug,,4,,A,,B,,0
174,,1uuz,,4,,A,,D,,0
175,,1uwx,,8,,L H,,A,,0
176,,1v7p,,3,,A B,,C,,0
177,,1vfb,,3,,A B,,C,,0
178,,1vpp,,4,,W V,,X,,0
179,,1vrc,,4,,B A,,D,,0
180,,1vsq,,3,,A B,,C,,0
181,,1vyh,,20,,A B,,D,,0
182,,1vyt,,4,,A,,E,,0
183,,1w1w,,8,,B,,F,,0
184,,1w72,,10,,L H,,A C,,0
185,,1wdw,,12,,D,,C,,0
186,,1wej,,3,,L H,,F,,0
187,,1wr6,,8,,A,,E,,0
188,,1wve,,4,,A,,C,,0
189,,1x1u,,6,,A,,D,,0
190,,1x1w,,6,,A,,D,,0
191,,1x1x,,6,,A,,D,,0
192,,1x1y,,6,,A,,D,,0
193,,1x75,,4,,A B,,C D,,0
194,,1xd3,,4,,A,,B,,0
195,,1xqh,,4,,A,,B,,0
196,,1xqs,,4,,A,,C,,0
197,,1xu1,,6,,B,,S,,0
198,,1xwd,,6,,A B,,C,,0
199,,1xx9,,4,,D C,,B,,0
200,,1xxd,,4,,D C,,B,,0
201,,1xxf,,4,,A,,C D,,0
202,,1y76,,4,,A C,,B D,,0
203,,1yd8,,4,,U,,H,,0
204,,1yk0,,3,,A B,,E,,1
205,,1yk1,,3,,A B,,E,,1
206,,1yy9,,3,,C D,,A,,0
207,,1yyl,,8,,G M,,H L,,0
208,,1yym,,8,,G M,,H L,,0
209,,1z0k,,4,,A,,B,,0
210,,1z5s,,4,,A B,,D,,0
211,,1z7x,,4,,W Y,,X,,0
212,,1za3,,6,,A B,,S,,0
213,,1zc3,,4,,A,,D,,0
214,,1zc4,,4,,A,,D,,0
215,,1ze3,,3,,C H,,D,,0
216,,1zm4,,6,,A,,B,,0
217,,1zmy,,3,,A,,L,,0
218,,1zr0,,4,,A,,B,,0
219,,2a6d,,5,,A B,,P,,0
220,,2a6i,,3,,A B,,P,,0
221,,2a6k,,5,,H L,,P,,0
222,,2a9h,,5,,A B C D,,E,,0
223,,2abz,,6,,A,,C D,,0
224,,2aep,,3,,L H,,A,,1
225,,2aeq,,3,,L H,,A,,1
226,,2ajf,,4,,A,,E,,0
227,,2ak4,,20,,A C,,D E,,0
228,,2aq1,,8,,A,,B,,0
229,,2aq3,,8,,E G,,F,,0
230,,2ass,,3,,B,,C,,0
231,,2ast,,4,,C D,,B,,0
232,,2aw2,,4,,A,,B,,0
233,,2aze,,3,,A B,,C,,0
234,,2b10,,4,,A,,B,,0
235,,2b11,,4,,A,,B,,0
236,,2b2w,,4,,A B C,,D,,0
237,,2b2x,,6,,L H,,A,,0
238,,2b4j,,4,,A B,,C,,0
239,,2b5i,,4,,B C D,,A,,1
240,,2bdn,,3,,H L,,A,,0
241,,2be6,,6,,A,,D,,0
242,,2bnq,,5,,A,,C,,0
243,,2bnr,,5,,A,,C,,0
244,,2bo9,,4,,A,,B,,0
245,,2bp7,,8,,A C,,B D,,0
246,,2bqz,,4,,A,,B,,0
247,,2bwe,,21,,C D E,,T,,0
248,,2byk,,4,,A,,B,,0
249,,2bym,,4,,A,,B,,0
250,,2c1t,,4,,A,,C,,0
251,,2c5d,,4,,A B,,C,,0
252,,2c7n,,12,,A,,B,,0
253,,2cjs,,3,,A B,,C,,0
254,,2cmr,,3,,H L,,A,,0
255,,2d10,,8,,A,,E,,0
256,,2d1k,,3,,A,,C,,0
257,,2dd8,,3,,L H,,S,,0
258,,2dsq,,6,,B G,,I,,0
259,,2dsr,,3,,B G,,I,,0
260,,2efd,,4,,A,,B,,0
261,,2efh,,4,,A,,B,,0
262,,2erj,,8,,A B C,,D,,1
263,,2es4,,4,,A,,D,,0
264,,2f5z,,15,,A B,,K,,0
265,,2f6a,,10,,E F G,,C,,0
266,,2f9z,,4,,A,,C,,0
267,,2fdb,,4,,M,,P,,0
268,,2fjg,,6,,W V,,H L,,0
269,,2fjh,,6,,H L,,V,,0
270,,2fu5,,4,,A,,D,,0
271,,2g45,,4,,A,,B,,0
272,,2g9h,,4,,A B C,,D,,0
273,,2gh0,,4,,C D,,B,,0
274,,2gl7,,6,,B C,,A,,0
275,,2gox,,4,,A,,B,,0
276,,2h4m,,4,,A,,C,,0
277,,2h62,,4,,A B,,C D,,0
278,,2h64,,3,,A B,,C,,1
279,,2h9g,,6,,A B,,R,,0
280,,2hfg,,3,,H L,,R,,0
281,,2hqs,,8,,A,,H,,0
282,,2hwn,,6,,A B,,E,,0
283,,2i25,,4,,L,,N,,0
284,,2i26,,6,,L,,N,,0
285,,2i32,,4,,A,,E,,0
286,,2i3s,,6,,A,,B,,0
287,,2i3t,,8,,A,,B,,0
288,,2i5y,,8,,G,,M,,0
289,,2i60,,8,,G,,M,,0
290,,2i9b,,8,,A,,E,,0
291,,2ibf,,3,,A,,B,,0
292,,2iff,,3,,L H,,Y,,0
293,,2ifg,,4,,E F,,B,,0
294,,2ihs,,4,,A,,C,,0
295,,2ij0,,4,,B,,C,,0
296,,2ijo,,3,,A B,,I,,0
297,,2iou,,8,,D E F,,H G,,0
298,,2iwg,,4,,A,,B,,0
299,,2iy0,,3,,C B,,A,,0
300,,2iy1,,4,,A,,B,,0
301,,2iyb,,8,,A,,E,,0
302,,2j0t,,6,,A,,D,,0
303,,2j1k,,24,,C,,T,,0
304,,2j4w,,3,,H L,,D,,0
305,,2j59,,12,,A,,M,,0
306,,2j5l,,3,,C B,,A,,0
307,,2j6e,,6,,M I H L,,A B,,0
308,,2j7p,,4,,A,,D,,0
309,,2j8s,,5,,A C,,E,,0
310,,2j8u,,10,,A,,C,,0
311,,2j8x,,4,,A,,B,,0
312,,2jcc,,10,,A,,C,,0
313,,2jel,,3,,H L,,P,,0
314,,2jix,,9,,A F,,C,,0
315,,2jjs,,4,,A,,C,,0
316,,2jjt,,4,,A,,C,,0
317,,2jki,,6,,A,,S,,0
318,,2jtt,,4,,A B,,D,,0
319,,2jzn,,3,,A B,,C,,0
320,,2k05,,4,,A C,,D,,0
321,,2kde,,3,,B C,,A,,0
322,,2ki4,,4,,B C,,A,,0
323,,2kyg,,3,,A B,,C,,0
324,,2lnh,,3,,A B,,C,,0
325,,2lnk,,3,,A B,,C,,0
326,,2lvp,,3,,A B,,C,,0
327,,2lvq,,3,,A B,,D,,0
328,,2lxp,,3,,B C,,A,,0
329,,2m49,,4,,B D,,A,,0
330,,2ma9,,3,,A,,B C,,0
331,,2mak,,4,,A C,,B D,,0
332,,2mjw,,4,,A,,D B,,0
333,,2mkc,,3,,B C,,A,,0
334,,2mta,,4,,H L,,A,,1
335,,2n13,,4,,C,,D,,0
336,,2noj,,8,,A,,B,,0
337,,2nup,,3,,A B,,C,,0
338,,2nut,,3,,A B,,C,,0
339,,2nyy,,3,,C D,,A,,0
340,,2nyz,,4,,A B,,E,,0
341,,2nz1,,6,,A B,,D,,0
342,,2nz9,,6,,D C,,A,,0
343,,2o98,,4,,A B,,P Q,,0
344,,2odg,,3,,A B,,C,,0
345,,2ody,,6,,E,,B,,0
346,,2oin,,4,,A,,C,,0
347,,2oje,,8,,A B,,C,,0
348,,2onl,,4,,C,,A,,0
349,,2oor,,3,,A B,,C,,0
350,,2oqj,,12,,A B,,C,,0
351,,2ot8,,4,,A,,C,,0
352,,2otk,,3,,E F,,C,,0
353,,2p1l,,8,,A,,B,,0
354,,2p3f,,3,,H,,N,,0
355,,2p42,,4,,A,,B,,0
356,,2p46,,4,,A,,B,,0
357,,2p4a,,4,,A,,B,,0
358,,2p5e,,5,,A,,C,,0
359,,2p5t,,9,,C,,D,,0
360,,2pcb,,3,,A,,B,,0
361,,2pcc,,4,,A,,B,,0
362,,2phe,,3,,A B,,C,,0
363,,2pjy,,3,,A B,,C,,0
364,,2pkg,,4,,A,,C,,0
365,,2pms,,4,,A,,C,,0
366,,2pop,,4,,A,,B,,0
367,,2psm,,4,,A,,F,,0
368,,2pw8,,3,,H,,I,,0
369,,2pye,,5,,E D,,C,,0
370,,2q0o,,4,,A B,,C D,,0
371,,2q5d,,4,,A,,C,,0
372,,2q7n,,4,,A,,B,,0
373,,2qej,,4,,B,,C,,0
374,,2qho,,8,,A,,B,,0
375,,2qiy,,4,,A B,,C D,,0
376,,2qj9,,4,,A B,,C,,0
377,,2qja,,4,,A B,,C,,0
378,,2qjb,,4,,A B,,C,,0
379,,2qr0,,24,,A B,,C D,,0
380,,2r0k,,3,,L H,,A,,0
381,,2r0l,,4,,L H,,A,,0
382,,2r56,,6,,L H,,A,,0
383,,2r9p,,8,,A C,,E G,,0
384,,2ra3,,4,,A,,C,,0
385,,2rf9,,4,,C,,A,,0
386,,2rgn,,6,,A,,B,,0
387,,2uwe,,10,,A,,C,,0
388,,2uxn,,3,,A B,,C,,0
389,,2uzi,,3,,L H,,R,,0
390,,2v1d,,3,,A B,,C,,0
391,,2v2w,,6,,A,,C,,0
392,,2v51,,4,,F,,B,,0
393,,2v5q,,4,,A,,D,,0
394,,2ve7,,4,,A,,C,,0
395,,2vfx,,12,,NaN,,NaN,,2
396,,2vir,,3,,A B,,C,,0
397,,2vis,,3,,A B,,C,,0
398,,2vlj,,5,,D E,,C,,0
399,,2vlr,,10,,D E,,C,,0
400,,2vof,,4,,A,,B,,0
401,,2vwe,,6,,C E L J,,A B,,0
402,,2vxq,,3,,L H,,A,,0
403,,2vxs,,12,,C D,,J N,,0
404,,2vxt,,3,,L H,,I,,0
405,,2vyr,,12,,D,,H,,0
406,,2w19,,4,,B,,D,,0
407,,2w2m,,3,,A,,E,,0
408,,2w2n,,3,,A,,E,,0
409,,2w2x,,4,,A,,D,,0
410,,2w80,,8,,A,,D,,0
411,,2w81,,6,,A,,D,,0
412,,2w83,,5,,C D,,A,,0
413,,2w8b,,8,,A,,H,,0
414,,2w9e,,3,,L H,,A,,0
415,,2wbj,,8,,A B,,C D,,0
416,,2wby,,6,,C D,,A,,0
417,,2wg3,,4,,A,,C,,0
418,,2wii,,3,,A B,,C,,0
419,,2wjv,,4,,A,,D,,0
420,,2wp0,,4,,A B,,C D,,1
421,,2wqz,,4,,A,,D,,0
422,,2wss,,25,,F T,,V,,0
423,,2wub,,8,,Q R,,C,,0
424,,2wuc,,5,,H L,,A,,0
425,,2wus,,4,,A,,R,,0
426,,2wvw,,24,,F G,,V U,,0
427,,2wx0,,6,,A B,,C,,0
428,,2wy2,,4,,A C,,D,,0
429,,2wy3,,4,,A,,B,,0
430,,2x1w,,8,,A B,,N,,0
431,,2x2d,,4,,C,,D,,0
432,,2x89,,7,,E D,,A,,0
433,,2x9a,,4,,C,,D,,0
434,,2xa0,,4,,A,,C,,0
435,,2xb6,,4,,A,,C,,0
436,,2xbb,,4,,A,,C,,0
437,,2xdf,,4,,A,,C,,0
438,,2xns,,4,,B,,D,,0
439,,2xqb,,3,,H L,,A,,0
440,,2xqr,,12,,A,,B,,0
441,,2xqw,,3,,A B,,C,,0
442,,2xra,,3,,L H,,A,,0
443,,2xtj,,6,,D B,,A,,0
444,,2xzd,,6,,A B,,G,,0
445,,2xze,,4,,R,,B,,0
446,,2y0b,,6,,A B,,G,,0
447,,2y48,,3,,A,,C,,0
448,,2y5b,,4,,A,,B,,0
449,,2y6t,,8,,E F,,A,,0
450,,2y8s,,4,,A,,B,,0
451,,2y8t,,4,,A,,B,,0
452,,2ybr,,9,,A B,,C,,0
453,,2yj1,,4,,C,,D,,0
454,,2ypl,,5,,A C,,E D,,0
455,,2ypv,,3,,H L,,A,,0
456,,2yvj,,3,,A,,B,,0
457,,2z34,,4,,A B,,C D,,0
458,,2z3q,,4,,A,,B,,0
459,,2z3r,,16,,A,,B,,0
460,,2z8v,,4,,A,,D,,0
461,,2z8w,,4,,A,,D,,0
462,,2za4,,4,,A,,B,,0
463,,2zvk,,6,,C,,W,,0
464,,2zvn,,8,,B D,,A,,0
465,,2zvo,,4,,B D,,A,,0
466,,2zxx,,6,,A B,,C,,0
467,,3a4s,,4,,B,,C,,0
468,,3a67,,3,,H L,,Y,,0
469,,3a6b,,3,,H L,,Y,,0
470,,3a6c,,3,,H L,,Y,,0
471,,3aa0,,3,,A B,,C,,0
472,,3aa6,,3,,A B,,C,,0
473,,3aaa,,3,,A B,,C,,0
474,,3ay4,,3,,A B,,C,,0
475,,3b08,,8,,A,,B,,0
476,,3b23,,3,,B,,C,,0
477,,3b2u,,24,,H L,,A,,0
478,,3b2v,,3,,H L,,A,,0
479,,3b4v,,8,,A B,,C D,,0
480,,6s29,,4,,A,,B,,0
481,,3b9f,,3,,H,,I,,0
482,,3bdy,,3,,H L,,V,,0
483,,3be1,,3,,H L,,A,,0
484,,3bg4,,4,,B C,,D,,0
485,,3bgf,,6,,B C,,A,,0
486,,3bik,,3,,B C,,A,,0
487,,3biw,,8,,A,,E,,0
488,,3bk3,,4,,A B,,D,,0
489,,3bky,,3,,H L,,P,,0
490,,3bow,,3,,A B,,C,,0
491,,3bp8,,4,,A,,C,,0
492,,3bpl,,3,,A B,,C,,0
493,,3bpn,,3,,A B,,C,,0
494,,3bpo,,3,,A C,,B,,0
495,,3brt,,4,,A C,,B D,,0
496,,3brv,,4,,A C,,B D,,0
497,,3bx1,,4,,A,,C,,0
498,,3c09,,6,,H L,,D,,0
499,,3c4m,,4,,A,,C,,0
500,,3c66,,4,,A,,C,,0
501,,3c8k,,4,,A,,D,,0
502,,3c9a,,4,,B,,D,,0
503,,3chw,,3,,A,,P,,0
504,,3cqx,,4,,C D,,A,,0
505,,3crk,,4,,A B,,C,,0
506,,3d1m,,4,,A,,D,,0
507,,3d2u,,8,,A,,D,,0
508,,3d39,,5,,A C,,E D,,0
509,,3d3v,,5,,A C,,E D,,0
510,,3d5o,,6,,B C,,F,,0
511,,3d5r,,4,,A,,C,,0
512,,3d5s,,4,,A,,C,,0
513,,3d7u,,4,,A,,B,,0
514,,3da7,,8,,A,,D,,0
515,,3dbh,,12,,C D,,J,,0
516,,3dbl,,12,,G H,,L,,0
517,,3dbr,,12,,E F,,K,,0
518,,3dco,,3,,A B,,N,,0
519,,3dgc,,4,,R,,L,,0
520,,3di2,,4,,A,,B,,0
521,,3dmm,,5,,C D,,A,,0
522,,3dvg,,4,,A B,,X Y,,0
523,,3dvn,,8,,A B,,X Y,,0
524,,3dvu,,4,,A,,C,,0
525,,3dxa,,15,,E D,,A,,0
526,,3dxc,,4,,A,,B,,0
527,,3dxd,,4,,A,,B,,0
528,,3dxe,,4,,A,,B,,0
529,,3e2h,,4,,A Q,,B C,,0
530,,3e2k,,4,,A,,D,,0
531,,3e2l,,4,,A,,C,,0
532,,3e2u,,8,,A,,E,,0
533,,3e3q,,32,,A Q,,E D,,0
534,,3eab,,12,,A,,G,,0
535,,3ech,,3,,A B,,C,,0
536,,3eg5,,4,,A,,B,,0
537,,3egg,,4,,A,,C,,0
538,,3ehu,,4,,A,,C,,0
539,,3eiq,,3,,A,,C,,0
540,,3ejh,,4,,A,,E,,0
541,,3ejj,,3,,A,,X,,0
542,,3eo1,,12,,E D,,F C,,0
543,,3eoa,,6,,H L,,I,,0
544,,3eob,,6,,H L,,I,,0
545,,3eoy,,12,,B,,H,,0
546,,3etb,,8,,F,,J,,0
547,,3ew3,,3,,B C,,A,,0
548,,3f4y,,6,,A C,,E D F,,0
549,,3f5c,,3,,B C,,A,,0
550,,3f7p,,5,,A,,C,,0
551,,3ff7,,4,,A B,,C,,0
552,,3ff8,,4,,A B,,C D,,0
553,,3ffc,,10,,A C,,D E,,0
554,,3fie,,4,,A,,C,,0
555,,3fku,,18,,A B C,,Y,,0
556,,3fsh,,3,,A B,,C,,0
557,,3fxd,,4,,A,,B,,0
558,,3g3a,,8,,A,,B,,0
559,,3g3b,,8,,A,,B,,0
560,,3g6d,,3,,H L,,A,,0
561,,3g6j,,8,,A B,,E F,,0
562,,3g7z,,4,,B C D,,A,,0
563,,3g9v,,4,,A,,B,,0
564,,3g9w,,4,,A,,D,,0
565,,3gd1,,4,,C E,,I,,0
566,,3gj4,,4,,A,,B,,0
567,,3gj5,,4,,A,,B,,0
568,,3gj7,,4,,A,,B,,0
569,,3gj8,,4,,A,,B,,0
570,,3gjf,,10,,L H,,A C,,0
571,,3gjn,,4,,B,,D,,0
572,,3gmw,,4,,A,,B,,0
573,,3gs2,,4,,A C,,B D,,0
574,,3gsn,,5,,A B,,H P,,0
575,,3h2u,,4,,A,,B,,0
576,,3h2v,,8,,A,,E,,0
577,,3h3p,,6,,H L,,S,,0
578,,3h42,,4,,A B,,H L,,0
579,,3h6s,,8,,A,,E,,0
580,,3h7b,,6,,A,,C,,0
581,,3h8d,,8,,A B,,E F,,0
582,,3h9h,,6,,A,,C,,0
583,,3hae,,20,,A C,,H L,,0
584,,3hcu,,4,,A,,B,,0
585,,3he6,,4,,C D,,A,,0
586,,3he7,,4,,C D,,A,,0
587,,3hg0,,4,,A B C,,D,,0
588,,3hh2,,4,,A B,,D,,0
589,,3hi1,,6,,A B,,J,,0
590,,3hi6,,6,,X Y,,B,,0
591,,3ho5,,3,,B,,H,,0
592,,3hpw,,3,,A B,,C,,0
593,,3htu,,8,,A,,B,,0
594,,3hug,,20,,A C,,B D,,0
595,,3huj,,8,,G H,,A,,0
596,,3ia3,,4,,A,,D,,0
597,,3idx,,3,,H L,,G,,0
598,,3idy,,6,,H L B C,,A,,0
599,,3ifq,,4,,A,,C,,0
600,,3im4,,3,,A B,,C,,0
601,,3inb,,4,,A,,D,,0
602,,3it8,,12,,B C,,E,,0
603,,3iu3,,9,,A B,,K,,0
604,,3ixa,,6,,A,,C,,0
605,,3ixs,,12,,A,,B,,0
606,,3ixt,,6,,H L,,P,,0
607,,3jrm,,21,,U,,D E,,0
608,,3jse,,21,,C D,,T,,0
609,,3jsv,,4,,C D,,A,,0
610,,3jtl,,21,,D E,,U,,0
611,,3jvf,,3,,A B,,C,,0
612,,3k2m,,4,,A,,D,,0
613,,3k2u,,4,,H L,,A,,0
614,,3k3q,,3,,B C,,A,,0
615,,3k6g,,6,,A,,D,,0
616,,3k75,,4,,B,,D,,0
617,,3k9m,,4,,A,,C,,0
618,,3kbt,,4,,A,,D,,0
619,,3kls,,4,,A,,X,,0
620,,3kpr,,10,,A C,,E D,,0
621,,3kps,,5,,A C,,E D,,0
622,,3kr3,,3,,H L,,D,,0
623,,3kxf,,20,,A Q,,D E,,0
624,,3kz0,,4,,A,,C,,0
625,,3kz1,,4,,A,,F,,0
626,,3l33,,8,,A,,E,,0
627,,3l5n,,3,,A B,,M,,0
628,,3l5w,,6,,H L,,I,,0
629,,3l5x,,3,,H L,,A,,0
630,,3l89,,24,,A B,,M,,0
631,,3l95,,6,,A B,,X,,0
632,,3laq,,4,,A,,U,,0
633,,3lb6,,4,,A,,C,,0
634,,3lb8,,4,,A,,C,,0
635,,3lev,,3,,L H,,A,,0
636,,3lh2,,12,,S V,,L H,,0
637,,3lhp,,6,,H L,,S,,0
638,,3lk2,,3,,A B,,T,,0
639,,3lk3,,3,,A B,,T,,0
640,,3lk4,,36,,A B,,C,,0
641,,3lqa,,4,,G C,,H L,,0
642,,3m0a,,4,,A B C,,D,,0
643,,3m9d,,18,,A B,,G,,0
644,,3ma2,,4,,C,,D,,0
645,,3ma9,,3,,H L,,A,,0
646,,3mac,,3,,H L,,A,,0
647,,3mc0,,4,,A,,B,,0
648,,3mhp,,3,,A,,C,,0
649,,3mj9,,3,,H L,,A,,0
650,,3mjh,,4,,A,,B,,0
651,,3mv7,,5,,A C,,E D,,0
652,,3mv8,,5,,A C,,E D,,0
653,,3mv9,,5,,A C,,E D,,0
654,,3mxw,,3,,H L,,A,,0
655,,3n85,,3,,H L,,A,,1
656,,3nfp,,6,,A B,,K,,0
657,,3ngb,,12,,L H,,G,,0
658,,3nh7,,12,,L H,,A,,0
659,,3noc,,5,,A,,E,,0
660,,3nog,,5,,B,,D,,0
661,,3nps,,3,,B C,,A,,0
662,,3npz,,3,,B C,,A,,0
663,,3nvq,,4,,E,,F,,0
664,,3o4o,,3,,B C,,A,,0
665,,3o6b,,10,,A,,B,,0
666,,3o6f,,8,,A B,,C D,,0
667,,3o6q,,4,,A C,,B,,0
668,,3o8x,,4,,C D,,A,,0
669,,3o9w,,4,,C D,,A,,0
670,,3oak,,4,,A,,D,,0
671,,3oed,,4,,A,,C,,0
672,,3ogo,,8,,G,,B,,0
673,,3oj2,,4,,A,,C,,0
674,,3onl,,3,,A B,,C,,0
675,,3onw,,4,,A,,C,,0
676,,3opz,,9,,L H,,A,,0
677,,3orv,,6,,F C D,,A,,0
678,,3osl,,4,,A,,B,,0
679,,3owt,,3,,A B,,C,,0
680,,3oxu,,6,,F,,B,,0
681,,3p0y,,3,,L H,,A,,0
682,,3p11,,3,,H L,,A,,0
683,,3p6z,,6,,B,,C,,0
684,,3p8m,,4,,A B,,C D,,0
685,,3p9w,,8,,A,,B,,0
686,,3pbp,,12,,B C,,A,,0
687,,3pl6,,4,,A B,,C D,,0
688,,3pmh,,3,,G,,B,,0
689,,3pp4,,3,,H L,,P,,0
690,,3pvm,,4,,A,,B,,0
691,,3q1s,,3,,H L,,I,,0
692,,3q3g,,12,,C D,,G,,0
693,,3q4f,,8,,A B,,G H,,0
694,,3q9n,,4,,A,,C,,0
695,,3q9u,,4,,A,,C,,0
696,,3qbq,,4,,A,,B,,1
697,,3qbr,,4,,A,,B,,0
698,,3qbt,,8,,A,,B,,0
699,,3qbv,,4,,A,,B,,0
700,,3qdg,,5,,A C,,D E,,0
701,,3qdj,,5,,A C,,D E,,0
702,,3qdm,,5,,A C,,D E,,0
703,,3qeq,,5,,A C,,D E,,0
704,,3qht,,4,,A,,C,,0
705,,3qi2,,4,,A,,C,,0
706,,3qib,,5,,A B P,,C D,,0
707,,3qiu,,5,,A B E,,C D,,0
708,,3qiw,,5,,A B,,C D,,0
709,,3qlu,,4,,A,,C,,0
710,,3qml,,4,,A,,C,,0
711,,3qs7,,8,,A B,,E F,,0
712,,3qt2,,6,,C D,,A,,0
713,,3qtl,,4,,A C,,D,,0
714,,3qux,,4,,C D,,A,,0
715,,3quy,,4,,C D,,A,,0
716,,3quz,,4,,C D,,A,,0
717,,3qwo,,6,,H L,,P,,0
718,,3qwr,,3,,A B,,D,,0
719,,3r0l,,4,,A B C,,D,,0
720,,3r1g,,3,,H L,,B,,0
721,,3r2x,,3,,A B,,C,,1
722,,3r4d,,4,,A,,B,,0
723,,3r85,,8,,A,,E,,0
724,,3r9a,,4,,A,,B,,0
725,,3rbb,,4,,A,,B,,0
726,,3rdt,,4,,A B,,C D,,0
727,,3rdz,,4,,A,,C,,0
728,,3rea,,4,,A,,B,,0
729,,3reb,,4,,A,,B,,0
730,,3rgv,,5,,A B,,E C,,0
731,,3rk3,,5,,A B C D,,E,,0
732,,3rkd,,6,,H L,,A,,0
733,,3rpg,,3,,B C,,A,,0
734,,3rt0,,4,,A,,C,,0
735,,3rtq,,4,,A,,C D,,0
736,,3ru8,,3,,H L,,X,,0
737,,3rug,,8,,F E,,A,,0
738,,5vpl,,3,,C D,,A,,0
739,,5vpg,,3,,C D,,A,,0
740,,3ry6,,3,,A B,,C,,0
741,,3rzc,,4,,C D,,A,,0
742,,3rzw,,4,,A,,D,,0
743,,3s2k,,3,,A,,C,,0
744,,3s4s,,8,,A B,,G,,0
745,,3s5l,,8,,A B,,G,,0
746,,3s8v,,3,,A,,X,,0
747,,3scm,,4,,C D,,A,,0
748,,3sda,,4,,C D,,A,,0
749,,3sdc,,4,,C D,,A,,0
750,,3sdd,,4,,C D,,A,,0
751,,3sdy,,4,,A B,,H L,,1
752,,3sf4,,6,,A,,D,,0
753,,3sgk,,3,,A B,,C,,0
754,,3sip,,6,,C D,,E,,0
755,,3sja,,10,,A,,C,,0
756,,3sjd,,5,,A,,E,,0
757,,3sjv,,20,,A C,,E D,,0
758,,3skj,,6,,H L,,E,,0
759,,3sku,,6,,A,,D,,0
760,,3so3,,3,,B C,,A,,0
761,,3sqo,,4,,H L,,A,,0
762,,3ssb,,6,,C I,,A,,0
763,,3sua,,6,,A,,D,,0
764,,3swp,,6,,NaN,,NaN,,2
765,,3syn,,8,,A,,E,,0
766,,3t0y,,4,,C A,,B,,0
767,,3t1q,,3,,B C,,A,,0
768,,3t2n,,6,,H L,,A,,0
769,,3t4a,,8,,A B,,G,,0
770,,3t6g,,4,,A,,B,,0
771,,3thm,,3,,H L,,F,,0
772,,3tje,,3,,L H,,F,,0
773,,3tjz,,6,,A,,B,,0
774,,3tl8,,8,,A,,B,,0
775,,3tn0,,4,,C D,,A,,0
776,,3to4,,4,,C D,,A,,0
777,,3tq7,,4,,A B,,Q,,0
778,,3tsr,,8,,A,,E,,0
779,,3tvj,,3,,B,,I,,0
780,,3tvm,,8,,C D,,A,,0
781,,3twi,,6,,A,,D,,0
782,,3u1j,,3,,A B,,E,,0
783,,3u8x,,4,,A,,B,,0
784,,3u9d,,4,,A,,B,,0
785,,3uai,,4,,A,,D,,0
786,,3uaj,,6,,D C,,B,,0
787,,3uc0,,6,,L H,,A,,0
788,,3uez,,8,,A D,,E F,,1
789,,3uir,,4,,A,,C,,0
790,,3ula,,4,,A,,D,,0
791,,3uts,,10,,A C,,E D,,0
792,,3ux9,,4,,A,,B,,0
793,,3uz0,,4,,A,,B,,0
794,,3uze,,4,,A,,C,,0
795,,3v3k,,16,,A,,B,,0
796,,3v4y,,8,,A,,B,,0
797,,3v62,,6,,A B,,C,,0
798,,3v6o,,6,,C E,,A,,0
799,,3v6z,,6,,A B,,F,,0
800,,3ve0,,4,,A B,,I J,,0
801,,3vep,,8,,D,,X,,0
802,,3vfm,,3,,A,,B,,0
803,,3vfn,,3,,A,,B,,0
804,,3vfo,,3,,A,,B,,0
805,,3vfp,,3,,A,,B,,0
806,,3vfr,,3,,A,,B,,0
807,,3vfs,,3,,A,,B,,0
808,,3vft,,3,,A,,B,,0
809,,3vfu,,3,,A,,B,,0
810,,3vfv,,3,,A,,B,,0
811,,3vfw,,3,,A,,B,,0
812,,3vg9,,3,,B C,,A,,0
813,,3vh8,,8,,A B C,,G,,0
814,,3vhx,,8,,B D,,C,,0
815,,3vpj,,8,,A,,E,,0
816,,3vux,,6,,A,,G,,0
817,,3vwj,,4,,A,,C D,,0
818,,3vwk,,4,,A,,C D,,0
819,,3vxr,,5,,A C,,E D,,0
820,,3vxs,,5,,A C,,E D,,0
821,,3vxu,,10,,A C,,E D,,0
822,,3vys,,3,,A B,,C,,1
823,,3vza,,6,,B D,,F,,0
824,,3w2d,,3,,H L,,A,,0
825,,3w6j,,6,,C B,,A,,0
826,,3w9e,,3,,A B,,C,,0
827,,3wa0,,11,,A,,G,,0
828,,3wd5,,3,,H L,,A,,0
829,,3wih,,6,,H L,,A,,0
830,,3wkn,,16,,B,,F,,0
831,,3wkt,,4,,A,,C,,0
832,,3wn5,,6,,A B,,C,,0
833,,3wn7,,4,,A,,B,,0
834,,3wo3,,12,,A,,B,,0
835,,3wo4,,3,,B C,,A,,0
836,,3wrx,,4,,A,,C,,0
837,,3wry,,4,,A,,C,,0
838,,3wwk,,12,,A B,,C,,0
839,,3wwq,,12,,A H,,C,,0
840,,3zeu,,4,,D,,E,,0
841,,3zia,,20,,N M Q,,T,,0
842,,3zjy,,7,,B,,C,,0
843,,3zrz,,4,,A,,C,,0
844,,3zs8,,4,,A B,,C,,0
845,,3zs9,,4,,A,,D,,0
846,,3zuv,,4,,A,,B,,0
847,,3zv0,,4,,C D,,B,,0
848,,3zwh,,3,,A B,,Q,,0
849,,3zwl,,4,,B,,E,,0
850,,3zyj,,4,,A,,B,,0
851,,4a1s,,4,,B,,E,,0
852,,4a94,,4,,A,,D,,0
853,,4aei,,9,,L H,,A,,0
854,,4afq,,4,,A,,C,,0
855,,4afz,,4,,A,,C,,0
856,,4ag2,,4,,A,,C,,0
857,,4al8,,3,,L H,,C,,0
858,,4ala,,3,,H L,,C,,0
859,,4am0,,12,,A B,,S,,0
860,,4aoq,,6,,A,,D,,0
861,,4aor,,6,,A,,D,,0
862,,4asw,,3,,A B,,C,,0
863,,4auo,,8,,C D E,,A,,0
864,,4auq,,6,,F D,,E,,0
865,,4ayd,,6,,A,,D,,0
866,,4aye,,6,,A,,D,,0
867,,4ayi,,3,,A,,D,,0
868,,4b0m,,3,,A,,M,,0
869,,4b1v,,4,,B,,N,,0
870,,4bj5,,6,,C D,,B,,0
871,,4bkl,,5,,A B,,F G E,,0
872,,4boh,,5,,M,,H,,0
873,,4bpk,,4,,A,,C,,0
874,,4bpx,,4,,C,,D,,0
875,,4bq6,,6,,B,,F,,0
876,,4bqd,,4,,A,,C,,0
877,,4bsr,,4,,A B,,C,,0
878,,4bwq,,8,,E,,F,,0
879,,4bxl,,3,,A B,,C,,0
880,,4bxz,,13,,A,,X,,0
881,,4byf,,4,,C,,D,,0
882,,4c1n,,12,,C,,D,,0
883,,4c2b,,8,,A,,B,,0
884,,4c99,,4,,A,,B,,0
885,,4cc4,,6,,A,,B,,0
886,,4cdk,,8,,A,,E,,0
887,,4cj2,,4,,B,,C,,0
888,,4cmh,,3,,B C,,A,,0
889,,4cni,,6,,A B,,D,,0
890,,4cvw,,4,,A,,C,,0
891,,4d2g,,5,,B,,E,,0
892,,4d9q,,6,,H L,,A,,0
893,,4d9r,,6,,H L,,A,,0
894,,4day,,3,,A B,,C,,0
895,,4dck,,3,,B C,,A,,0
896,,4dcn,,4,,A,,C,,0
897,,4dg4,,8,,A,,E,,0
898,,4dge,,4,,A,,C,,0
899,,4dgi,,3,,H L,,A,,0
900,,4dh2,,4,,A,,B,,0
901,,4di3,,5,,A,,D,,0
902,,4djz,,6,,B,,H,,0
903,,4dkd,,3,,A,,C,,0
904,,4dke,,6,,A B,,I M,,0
905,,4dkf,,6,,A B,,I M,,0
906,,4dm6,,4,,A,,E,,0
907,,4dm8,,4,,A,,C,,0
908,,4dn4,,3,,H L,,M,,0
909,,4doh,,6,,B R,,A,,0
910,,4doq,,5,,A,,B,,0
911,,4dpg,,12,,A B,,I,,0
912,,4dra,,8,,A,,E,,0
913,,4drb,,15,,A B K J,,C,,0
914,,4drx,,6,,B,,F,,0
915,,4dtg,,3,,H L,,K,,0
916,,4dx8,,8,,A,,J,,0
917,,400000,,3,,H,,I,,0
918,,4E+041,,10,,A B C,,E D,,0
919,,4E+042,,4,,NaN,,NaN,,2
920,,4eah,,8,,E A,,D,,0
921,,4edw,,3,,H L,,V,,0
922,,4eee,,4,,C,,D,,0
923,,4eef,,9,,A B,,G,,0
924,,4ei5,,8,,C D,,A,,0
925,,4eiz,,4,,A,,D,,0
926,,4ekc,,4,,A,,B,,0
927,,4elm,,8,,H G,,A,,0
928,,4en3,,4,,A B,,C,,0
929,,4eo5,,3,,B C,,A,,0
930,,4eoz,,4,,C,,D,,0
931,,4eqa,,4,,A,,C,,0
932,,4ers,,3,,H L,,A,,0
933,,4etq,,6,,H L,,C,,0
934,,4etw,,4,,A,,B,,0
935,,4f0z,,3,,A C,,B,,0
936,,4f37,,6,,H L,,A,,0
937,,4f3f,,3,,A B,,C,,0
938,,4f6r,,4,,A B,,C,,0
939,,4f9l,,4,,B,,C,,0
940,,4f9p,,4,,B,,D,,0
941,,4fao,,36,,D E,,A,,0
942,,4ffy,,3,,H L,,A,,0
943,,4ffz,,6,,L H,,A,,0
944,,4fq0,,4,,B,,C,,0
945,,4fqi,,4,,L H,,B,,1
946,,4fqj,,3,,H L,,A,,0
947,,4fqv,,12,,C D,,N J,,0
948,,4fqy,,4,,A B,,H L,,1
949,,4ft4,,4,,B,,Q,,0
950,,4ftg,,5,,A B C D,,E,,0
951,,5jpm,,10,,A B C,,J,,0
952,,4g3y,,3,,L H,,C,,1
953,,4g4s,,16,,O P,,F E G,,0
954,,4g59,,4,,A,,C,,0
955,,4g6f,,6,,D B,,F,,0
956,,4g6j,,3,,H L,,A,,0
957,,4g6m,,3,,H L,,A,,0
958,,4g6v,,8,,A,,B,,0
959,,4g8a,,4,,A B,,C,,0
960,,4g8g,,5,,A C,,E D,,0
961,,4g9f,,5,,A C,,E D,,0
962,,4geh,,4,,A,,B,,0
963,,4geq,,6,,A B,,F,,0
964,,4gg6,,10,,A B J,,H G,,0
965,,4gh7,,4,,A,,B,,0
966,,4gko,,12,,A,,G,,0
967,,4gla,,4,,A,,D,,0
968,,4glv,,8,,A,,B,,0
969,,4gms,,12,,H L,,A,,0
970,,4gn3,,18,,A,,B,,0
971,,4gn5,,4,,A,,D,,0
972,,4gnk,,5,,A,,B,,0
973,,4grl,,4,,A B,,C D,,0
974,,4gu0,,6,,A C,,E,,0
975,,4gur,,3,,A,,B C,,0
976,,4gxu,,24,,A C,,O P,,0
977,,4h1l,,10,,A B,,I J,,0
978,,4h2s,,4,,B,,D,,0
979,,4h2w,,4,,B,,C,,0
980,,4h3p,,4,,A,,B,,0
981,,4h88,,3,,H L,,A,,0
982,,4hdq,,3,,A,,C,,0
983,,4hem,,6,,A C,,F,,0
984,,4hfk,,4,,B D,,A,,0
985,,4hgk,,4,,A,,D,,0
986,,4hh3,,3,,A B,,C,,0
987,,4hix,,3,,H L,,A,,0
988,,4hj0,,6,,P Q,,A,,0
989,,4hjj,,3,,H L,,A,,0
990,,4hkj,,16,,A B,,D,,0
991,,4hkx,,3,,A B,,E,,0
992,,4hlz,,12,,A B,,H G,,0
993,,4hmy,,5,,B,,C,,0
994,,4hnj,,3,,A B,,C,,0
995,,4hsa,,6,,A B,,C,,0
996,,4hx3,,12,,B D,,A,,0
997,,4i0c,,4,,A,,D,,0
998,,4i18,,6,,H L,,C,,0
999,,4i2x,,6,,A B,,E,,0
1000,,4i3r,,3,,H L,,G,,0
1001,,4i77,,3,,H L,,Z,,0
1002,,4i9x,,4,,A,,D,,0
1003,,4ic7,,4,,A,,B,,0
1004,,4idj,,3,,H L,,A,,0
1005,,4ihh,,12,,A B C,,G,,0
1006,,4ihl,,3,,A,,P,,0
1007,,4iiq,,3,,A B,,C,,0
1008,,4ij3,,3,,B C,,A,,0
1009,,4ilg,,3,,A,,B,,0
1010,,4ilw,,4,,A,,D,,0
1011,,4imy,,9,,B,,G,,0
1012,,4iof,,6,,D C,,A,,0
1013,,4ios,,8,,A B,,E,,0
1014,,4iw4,,4,,C D,,E,,0
1015,,4j2l,,4,,A,,C,,0
1016,,4j4p,,6,,A B,,H L,,0
1017,,4j6g,,4,,A B,,C D,,1
1018,,4jan,,6,,H L,,G,,0
1019,,4jb8,,3,,A,,P,,1
1020,,4jgh,,4,,A C,,D,,0
1021,,4jkp,,3,,H L,,G,,0
1022,,4jlr,,6,,H L,,S,,0
1023,,4jmf,,3,,B C,,A,,0
1024,,4jo6,,6,,A C,,Y,,0
1025,,4jpk,,3,,H L,,A,,0
1026,,4jra,,4,,A,,D,,0
1027,,4jrx,,5,,A C,,D E,,0
1028,,4jry,,5,,A C,,D E,,0
1029,,4jw3,,4,,A,,C,,0
1030,,4jzj,,6,,H L,,C,,0
1031,,4jzw,,4,,G,,M,,0
1032,,4k1r,,4,,A,,B,,0
1033,,4k24,,5,,H L,,U,,0
1034,,4k2u,,6,,H L,,A,,0
1035,,4k3j,,4,,H L,,B,,0
1036,,4k5b,,4,,A,,D,,0
1037,,4k71,,6,,B C,,A,,0
1038,,4k81,,8,,A,,B,,0
1039,,4k94,,3,,H L,,C,,0
1040,,4k9e,,3,,H L,,C,,0
1041,,4kbb,,4,,A,,C,,0
1042,,4kdi,,4,,A,,C,,0
1043,,4kfz,,4,,A,,C,,0
1044,,4kgg,,4,,A B,,C D,,1
1045,,4kgq,,4,,A B,,C D,,1
1046,,4kht,,3,,H L,,A,,0
1047,,4khx,,3,,H L,,A,,0
1048,,4kjy,,4,,A,,B,,0
1049,,4kp3,,6,,C D,,A,,0
1050,,4kro,,4,,A,,B C D,,0
1051,,4krp,,4,,C D B,,A,,0
1052,,4kt5,,3,,A B,,C,,0
1053,,4kv5,,8,,C D,,G,,0
1054,,4kvg,,4,,A,,B,,0
1055,,4kvn,,3,,H L,,A,,1
1056,,4kxz,,12,,A B,,I J,,0
1057,,4leo,,3,,A B,,C,,0
1058,,4lgp,,4,,A,,B,,0
1059,,4liq,,3,,L H,,E,,0
1060,,4llo,,8,,A,,B,,0
1061,,4lmq,,6,,H L,,D,,0
1062,,4ln0,,3,,A B,,C,,0
1063,,4lqf,,3,,H L,,A,,0
1064,,4lqw,,4,,A,,D,,0
1065,,4lrx,,4,,A,,C,,0
1066,,4lrz,,8,,F H,,A,,0
1067,,4lu5,,6,,I M,,A,,0
1068,,4lxr,,3,,J K,,A,,0
1069,,4lyl,,16,,A,,B,,0
1070,,4m1g,,4,,H L,,A B,,0
1071,,4m38,,4,,A,,B,,0
1072,,4m5z,,3,,H L,,A,,0
1073,,4m62,,6,,H L,,S,,0
1074,,4m6b,,4,,A,,C,,0
1075,,4m8q,,6,,A B,,S,,0
1076,,4may,,4,,A B,,C D,,0
1077,,4mhh,,12,,I G,,C,,0
1078,,4mhj,,24,,H L,,A,,0
1079,,4mi8,,4,,A,,C,,0
1080,,4mit,,8,,A,,E,,0
1081,,4mjs,,24,,A,,B,,0
1082,,4ml7,,4,,A,,B,,0
1083,,4mne,,8,,A,,B,,0
1084,,4mp0,,4,,A,,B,,0
1085,,4mqv,,4,,A,,B,,0
1086,,4mqw,,9,,A B,,X,,0
1087,,4msm,,4,,A,,B,,0
1088,,4myw,,4,,A,,B,,0
1089,,4n7v,,3,,A,,C,,0
1090,,4n8c,,6,,H L,,X,,0
1091,,4n8v,,8,,A,,G,,0
1092,,4n9g,,12,,A B,,C,,0
1093,,4naw,,16,,A,,D,,0
1094,,4ne9,,5,,A,,P,,0
1095,,4nee,,12,,B D,,C,,0
1096,,4ng2,,12,,A,,F E,,0
1097,,4niq,,4,,A,,C,,0
1098,,4nl9,,4,,A,,C,,0
1099,,4nm8,,12,,E F,,N J,,0
1100,,4nn6,,3,,A C,,B,,0
1101,,4noo,,4,,A,,B,,0
1102,,4np4,,5,,I M H L,,A,,0
1103,,4nst,,4,,B,,C,,0
1104,,4o1q,,6,,F C D,,A,,0
1105,,4o27,,3,,A,,B,,0
1106,,4od2,,3,,A B,,S,,0
1107,,4odx,,6,,B H,,X,,0
1108,,4ofy,,6,,A,,D,,0
1109,,4ojk,,4,,C D,,A,,0
1110,,4ons,,4,,A,,B,,0
1111,,4oqt,,3,,H L,,A,,1
1112,,4ov6,,6,,B,,F,,0
1113,,4ovn,,10,,A,,F,,0
1114,,4oyd,,4,,A,,B,,0
1115,,4ozf,,5,,A B J,,H G,,0
1116,,4ozg,,10,,A B J,,H G,,0
1117,,4ozh,,10,,A B J,,H G,,0
1118,,4ozi,,10,,A B J,,H G,,0
1119,,4p1n,,4,,B,,D,,0
1120,,4p23,,4,,C D,,A B,,0
1121,,4p2c,,11,,A,,B C D E F,,0
1122,,4p2o,,5,,A B P,,C D,,0
1123,,4p2q,,20,,A B C,,E D,,0
1124,,4p2r,,20,,A B C,,E D,,0
1125,,4p46,,4,,A B,,C D,,0
1126,,4p59,,3,,H L,,A,,0
1127,,4p5t,,8,,A,,B,,0
1128,,4p6i,,6,,A B,,C D,,0
1129,,4p9h,,4,,H L,,G C,,0
1130,,4pbv,,5,,A,,C,,0
1131,,4pbw,,6,,E,,B,,0
1132,,4pc0,,4,,A,,C,,0
1133,,4peq,,4,,A,,B,,0
1134,,4pgj,,4,,A,,B,,0
1135,,4pj2,,4,,A,,D,,0
1136,,4pj5,,8,,H G,,A,,0
1137,,4pj7,,8,,H G,,A,,0
1138,,4pj8,,4,,A,,C D,,0
1139,,4pj9,,4,,A,,C D,,0
1140,,4pja,,8,,A,,F E,,0
1141,,4pjb,,8,,A,,F E,,0
1142,,4pjc,,8,,A,,E F,,0
1143,,4pjd,,8,,A,,E F,,0
1144,,4pje,,8,,A,,E F,,0
1145,,4pjf,,8,,A,,H G,,0
1146,,4pjg,,8,,A,,H G,,0
1147,,4pjh,,8,,A,,E F,,0
1148,,4pjx,,8,,A,,E F,,0
1149,,4pl8,,3,,A B,,H,,0
1150,,4pp8,,4,,A B,,C,,0
1151,,4ps4,,3,,H L,,A,,0
1152,,4pvz,,4,,A,,C,,0
1153,,4pwx,,6,,A B,,E,,0
1154,,4py8,,4,,J I,,B,,0
1155,,4pz6,,4,,P,,B,,0
1156,,4q5e,,3,,A,,B C,,0
1157,,4q96,,6,,A B E D,,C F,,0
1158,,4qci,,6,,A B,,D,,0
1159,,4qd2,,10,,A B D,,E,,0
1160,,4qlb,,8,,G,,C,,0
1161,,4qnp,,6,,NaN,,NaN,,2
1162,,4qrp,,12,,A C,,D E,,0
1163,,4qt8,,4,,A,,C,,0
1164,,4qti,,3,,H L,,U,,0
1165,,4qzv,,4,,A,,B,,0
1166,,4r2g,,16,,Q P,,E,,0
1167,,4r8g,,4,,B H,,E,,0
1168,,4r8w,,4,,A B,,H L,,1
1169,,4ra0,,4,,A,,C D,,0
1170,,4rdq,,15,,G F,,A,,0
1171,,4re1,,4,,A,,D,,0
1172,,4rgm,,6,,H L,,S,,0
1173,,4rgo,,3,,H L,,S,,0
1174,,4rjf,,6,,A,,B,,1
1175,,4rwt,,4,,A,,D,,0
1176,,4s0s,,4,,A,,D,,0
1177,,4s3o,,6,,E F,,D,,0
1178,,4thn,,3,,H,,L,,0
1179,,4tq0,,6,,A,,B,,0
1180,,4u0q,,4,,A,,B,,0
1181,,4u2x,,6,,A,,D,,0
1182,,4u30,,8,,A,,X,,0
1183,,4u3j,,3,,A B,,C,,0
1184,,4u5w,,4,,B D,,A C,,0
1185,,4u6h,,6,,A B,,E,,0
1186,,4u6v,,6,,H L,,A,,0
1187,,4ui0,,3,,A B,,C,,0
1188,,4ui1,,4,,A,,D,,0
1189,,4uu9,,6,,A B,,C,,0
1190,,4uuz,,3,,A B,,C,,0
1191,,4uwq,,12,,L K,,J,,0
1192,,4uwx,,4,,A,,C,,0
1193,,4uyp,,4,,A,,D,,0
1194,,4v0m,,8,,E,,F,,0
1195,,4v0n,,8,,C,,D,,0
1196,,4v0o,,8,,E,,F,,0
1197,,4v2c,,4,,A,,B,,0
1198,,4v3k,,6,,E D,,F,,0
1199,,4w4l,,3,,B,,C,,0
1200,,4w4o,,3,,A B,,C,,0
1201,,4wb2,,5,,NaN,,NaN,,2
1202,,4weu,,4,,B,,D,,0
1203,,4wfd,,9,,A B,,C,,0
1204,,4wnn,,9,,C D,,T,,0
1205,,4wo4,,4,,C D,,A,,0
1206,,4wuu,,5,,A C,,D E,,0
1207,,4wv1,,6,,E D,,F,,0
1208,,4ww2,,4,,A B,,C,,0
1209,,4wwi,,6,,A,,D,,0
1210,,4wwk,,4,,A B,,C,,0
1211,,4x4m,,6,,A B,,E,,0
1212,,4x7d,,4,,A,,D,,0
1213,,4x7e,,4,,A,,C,,0
1214,,4x7f,,4,,A,,C,,0
1215,,4xhj,,8,,A B,,C D,,0
1216,,4xhu,,4,,C,,D,,0
1217,,4xi5,,4,,A B,,C D,,0
1218,,4xkh,,9,,A F,,E,,0
1219,,4xkl,,4,,A,,B,,0
1220,,4xl1,,4,,A,,B,,0
1221,,4xlw,,8,,A,,B,,0
1222,,4xnm,,6,,L H,,C,,0
1223,,4xoi,,4,,A,,B,,0
1224,,4xr8,,6,,A F,,C,,0
1225,,4xvp,,6,,A,,D,,0
1226,,4xxw,,4,,B,,C,,0
1227,,4ybl,,6,,H L,,G,,0
1228,,4ydh,,4,,A,,B,,0
1229,,4yiq,,4,,A,,B,,0
1230,,4yiz,,6,,A,,B,,0
1231,,4yk4,,6,,Y Z,,E,,0
1232,,4ypg,,6,,A B,,C,,0
1233,,4ypi,,8,,C,,G,,0
1234,,4ywc,,4,,A,,C,,0
1235,,4z2m,,5,,H G I J,,B,,0
1236,,4z5r,,24,,J K,,D,,0
1237,,4z80,,4,,A,,C,,0
1238,,4z8l,,6,,A B,,C,,0
1239,,4z9v,,8,,A,,C,,0
1240,,4zak,,4,,C D,,A,,0
1241,,4zff,,6,,A B,,C D,,0
1242,,4zfg,,3,,H L,,A,,0
1243,,4zfo,,6,,A B,,F,,0
1244,,4zi2,,4,,A,,C,,0
1245,,4zi3,,4,,C D,,A,,0
1246,,4zlt,,4,,B,,F,,0
1247,,4zpt,,6,,A B,,R,,0
1248,,4zrk,,8,,A,,E,,0
1249,,4zrp,,4,,A,,C,,0
1250,,4zs6,,6,,H L,,A,,0
1251,,4zs7,,3,,H L,,A,,0
1252,,4zv4,,4,,A,,C,,0
1253,,5a3i,,8,,A,,C D,,0
1254,,5a6w,,3,,A B,,C,,0
1255,,5aam,,4,,A,,C,,0
1256,,5aaw,,12,,A,,C,,0
1257,,5abv,,8,,A,,B,,0
1258,,5agw,,4,,B,,C,,0
1259,,5agx,,4,,A,,D,,0
1260,,5ajk,,12,,C,,D,,0
1261,,5anm,,9,,A B,,G,,1
1262,,5aoq,,4,,M L,,B,,0
1263,,5ayr,,4,,A,,B,,0
1264,,5ays,,4,,A,,C,,0
1265,,5b3h,,6,,B,,C,,0
1266,,5b71,,6,,A B,,E,,0
1267,,5bk1,,6,,H L,,A,,0
1268,,5bo1,,6,,M I,,A,,0
1269,,5boz,,12,,A,,G,,0
1270,,5bqe,,3,,A,,C,,1
1271,,5brm,,15,,C,,I,,0
1272,,5bt1,,4,,A,,C D,,0
1273,,5bvp,,3,,H L,,I,,0
1274,,5bw7,,3,,A B,,C,,0
1275,,5bw8,,5,,B,,C,,0
1276,,5c07,,10,,A C,,D E,,0
1277,,5c08,,10,,A C,,D E,,0
1278,,5c09,,10,,A C,,D E,,0
1279,,5c0a,,10,,A C,,D E,,0
1280,,5c0b,,10,,A C,,D E,,0
1281,,5c0c,,10,,A C,,J I,,0
1282,,5c0n,,6,,H L,,A,,0
1283,,5c0s,,3,,H L,,A,,1
1284,,5c4v,,6,,A,,B,,0
1285,,5c67,,4,,A,,E,,0
1286,,5c6t,,3,,H L,,A,,1
1287,,5c7x,,6,,H L,,A,,0
1288,,5cd5,,3,,C D,,A,,0
1289,,5cff,,8,,A C,,F,,0
1290,,5chv,,4,,A,,C,,0
1291,,5cjq,,4,,A B,,H L,,1
1292,,5cjs,,8,,C D,,H L,,0
1293,,5cmn,,8,,A,,E,,0
1294,,5ctr,,4,,A,,C,,0
1295,,5cw7,,16,,F E H,,G,,0
1296,,5cx3,,8,,C,,G,,0
1297,,5czf,,4,,A,,D,,0
1298,,5czv,,3,,H L,,A,,0
1299,,5czx,,6,,H L,,A,,0
1300,,5d1q,,5,,A B C D,,E,,0
1301,,5d1x,,5,,A B,,E,,0
1302,,5d1z,,10,,C D,,I,,0
1303,,5d28,,4,,A,,B,,0
1304,,5d2l,,20,,A Q,,I J,,0
1305,,5d2n,,10,,G H,,F C,,0
1306,,5d3f,,3,,A B,,C,,0
1307,,5d50,,16,,E F G,,A B,,0
1308,,5d5m,,8,,H G,,A,,0
1309,,5d70,,3,,H L,,A,,0
1310,,5d71,,3,,H L,,A,,0
1311,,5d72,,6,,H L,,A,,0
1312,,5d7i,,8,,H G,,A,,0
1313,,5d7j,,8,,A B,,E,,0
1314,,5d7l,,8,,H G,,A,,0
1315,,5d8j,,3,,H L,,A,,0
1316,,5d93,,6,,B C,,A,,0
1317,,5d96,,6,,I J,,D,,0
1318,,5dcq,,6,,E,,B,,0
1319,,5dfv,,6,,C D,,A,,0
1320,,5dh9,,4,,C,,D,,0
1321,,5dha,,4,,C,,D,,0
1322,,5di9,,4,,C,,D,,0
1323,,5dju,,4,,A,,B,,0
1324,,5dmi,,3,,H L,,A,,0
1325,,5dmj,,6,,A,,B,,0
1326,,5do2,,6,,C D,,A,,0
1327,,5drz,,6,,H L,,P,,0
1328,,5dwu,,4,,A B,,H L,,0
1329,,5e3e,,6,,A,,B,,0
1330,,5e4e,,3,,A C,,B,,0
1331,,5e6j,,6,,A,,B,,0
1332,,5e7f,,6,,H G,,A,,0
1333,,5e8d,,3,,H L,,A,,0
1334,,5e8e,,4,,A B,,H,,0
1335,,5E+094,,6,,A B,,G,,0
1336,,5e9d,,10,,A C,,D E,,0
1337,,5eb1,,4,,A,,B,,0
1338,,5edv,,9,,E C,,A,,0
1339,,5ee4,,6,,C D,,A,,0
1340,,5eib,,4,,C D,,F,,0
1341,,5eiv,,11,,H G F,,A,,0
1342,,5ejc,,6,,E F,,A,,0
1343,,5eoa,,4,,A B,,D,,0
1344,,5eof,,4,,A B,,C,,0
1345,,5ep6,,4,,A,,B,,0
1346,,5et1,,4,,A,,C,,0
1347,,5eu6,,5,,A C,,D E,,0
1348,,5eyp,,3,,B,,F,,0
1349,,5ezo,,3,,H L,,A,,0
1350,,5f1b,,3,,A,,C,,0
1351,,5f3b,,6,,A B,,C,,0
1352,,5f3x,,4,,A,,B,,0
1353,,5f5o,,6,,A,,B,,0
1354,,5f6k,,7,,A B,,C,,0
1355,,5fcu,,3,,H L,,G,,0
1356,,5ffo,,8,,A B,,C D,,0
1357,,5fhx,,3,,H L,,A,,0
1358,,5fo8,,3,,A B,,C,,0
1359,,5fo9,,6,,E D,,F,,0
1360,,5foa,,6,,A B,,E,,0
1361,,5fob,,3,,A B,,C,,0
1362,,5fqd,,6,,B,,C,,0
1363,,5ft8,,16,,A C,,S,,0
1364,,5fug,,12,,H G,,I,,0
1365,,5fv2,,6,,W V,,B,,0
1366,,5fvk,,4,,A,,C,,0
1367,,5fw5,,3,,A,,C,,1
1368,,5ghw,,3,,H L,,P,,0
1369,,5gim,,4,,B,,D,,0
1370,,5grj,,3,,H L,,A,,0
1371,,5gvi,,3,,A,,B,,0
1372,,5gwo,,4,,A,,C,,0
1373,,5gwp,,4,,A,,C,,0
1374,,5gy2,,4,,A,,C,,0
1375,,5gzn,,8,,A E,,H L,,0
1376,,5gzo,,6,,H L,,A,,0
1377,,5h07,,3,,A,,C D,,0
1378,,5h6q,,3,,A,,C,,0
1379,,5h6r,,3,,A,,C,,0
1380,,5hdq,,3,,H L,,A,,0
1381,,5hgg,,4,,A,,S T,,0
1382,,5hhm,,10,,A C,,D E,,0
1383,,5hho,,5,,A C,,D E,,0
1384,,5hk5,,8,,A C,,F,,0
1385,,5hlz,,8,,B D,,C,,0
1386,,5hpy,,4,,A,,B,,0
1387,,5hvg,,4,,A,,B,,0
1388,,5hxb,,6,,Y,,Z,,0
1389,,5hyc,,3,,A B,,C,,0
1390,,5hys,,12,,A B L,,G I,,0
1391,,5i5k,,6,,H L,,B,,0
1392,,5ibk,,6,,A C,,B,,0
1393,,5ibl,,8,,H L,,B,,0
1394,,5ibw,,3,,A B,,C,,0
1395,,5ies,,3,,H L,,C,,0
1396,,5ifs,,4,,A,,B,,0
1397,,5igx,,3,,H L,,G,,0
1398,,5iia,,8,,C,,D,,0
1399,,5ikc,,6,,A B,,M,,0
1400,,5imy,,4,,A B,,D,,0
1401,,5ioh,,4,,A,,B,,0
1402,,5ip4,,4,,A,,E,,0
1403,,5itz,,4,,F,,B,,0
1404,,5ius,,4,,A,,C,,0
1405,,5ivx,,5,,A P,,E F,,0
1406,,5j11,,3,,A C,,B,,0
1407,,5j13,,3,,C B,,A,,0
1408,,5j28,,4,,A,,C,,0
1409,,5j3d,,12,,L H,,K F J,,0
1410,,5j3h,,4,,C D,,E,,0
1411,,5j4a,,4,,A,,B,,0
1412,,5j7c,,4,,A,,C,,0
1413,,5jdo,,6,,B,,C F,,0
1414,,5jem,,8,,B,,D,,0
1415,,5jg6,,4,,A,,B,,0
1416,,5jh5,,4,,C D,,A,,0
1417,,5jhf,,10,,E D,,F,,0
1418,,5jhl,,3,,H L,,A,,0
1419,,5jhw,,4,,A B,,D,,0
1420,,5jke,,4,,A,,B,,0
1421,,5jlv,,4,,A,,C,,0
1422,,5jmc,,8,,A,,B,,0
1423,,5jq6,,3,,H L,,A,,0
1424,,5jsb,,12,,A,,B,,0
1425,,5jsn,,4,,A,,B,,0
1426,,5jtl,,5,,NaN,,NaN,,2
1427,,5jtm,,8,,A,,E,,0
1428,,5jtn,,6,,A B C D,,E,,0
1429,,5jto,,8,,A B C D,,F,,0
1430,,5jtp,,8,,A,,E,,0
1431,,5jtq,,6,,A B C D,,F,,0
1432,,5jtr,,8,,A B C D,,F,,0
1433,,5jyl,,4,,A,,B,,0
1434,,5jze,,4,,A,,B,,0
1435,,5k59,,8,,F E,,B,,0
1436,,5kho,,4,,B,,D,,0
1437,,5kn5,,6,,A B,,C,,0
1438,,5knm,,4,,A B,,D,,0
1439,,5kov,,16,,B,,E,,0
1440,,5ks9,,10,,A B J,,H G,,0
1441,,5ksa,,5,,A B J,,C D,,0
1442,,5ksb,,10,,A B J,,H G,,0
1443,,5kvd,,3,,H L,,E,,0
1444,,5kvf,,3,,H L,,E,,0
1445,,5kvg,,3,,H L,,E,,0
1446,,5kw9,,3,,H L,,A,,0
1447,,5kwy,,4,,A B,,C,,0
1448,,5l2k,,4,,E D,,A,,0
1449,,5l6n,,3,,H,,I,,0
1450,,5l6y,,3,,L H,,C,,0
1451,,5lcv,,4,,H L,,A B,,0
1452,,5lgk,,6,,A B,,E,,0
1453,,5lp5,,6,,A,,C,,0
1454,,5lpu,,4,,C D,,B,,0
1455,,5lqb,,3,,H L,,A,,0
1456,,5lrw,,4,,A,,B,,0
1457,,5lxq,,4,,A,,B,,0
1458,,5m2i,,12,,A B,,H,,0
1459,,5m2m,,12,,B,,D,,0
1460,,5m36,,4,,B,,C,,0
1461,,5m5e,,3,,B C,,D,,0
1462,,5ma5,,4,,A,,B,,0
1463,,5mad,,8,,A,,B,,0
1464,,5mak,,4,,A,,B,,0
1465,,5men,,5,,A C,,E D,,0
1466,,5mfc,,4,,A,,B,,0
1467,,5mhs,,9,,E D,,A B,,0
1468,,5mi0,,3,,B C,,A,,0
1469,,5mj3,,3,,A C,,B,,0
1470,,5mjy,,6,,A B,,F,,0
1471,,5mk0,,4,,A,,B,,0
1472,,5mn2,,4,,A,,D,,0
1473,,5mr4,,4,,A B,,C,,0
1474,,5mr5,,4,,A B,,C,,0
1475,,5mrv,,3,,A,,C,,0
1476,,5mu3,,6,,A B,,C,,0
1477,,5mzv,,4,,A D,,B C,,0
1478,,5n47,,6,,A,,B,,0
1479,,5n48,,4,,A,,B,,0
1480,,5n4w,,5,,C B V,,A,,0
1481,,5n7w,,6,,A B,,Y X,,0
1482,,5n88,,4,,E,,H,,0
1483,,5nan,,6,,A F,,B,,0
1484,,5ngv,,3,,H L,,A,,0
1485,,5nh3,,6,,H L,,A,,0
1486,,5nhu,,9,,H,,I,,0
1487,,5nmv,,3,,H L,,K,,0
1488,,5nnp,,8,,A,,B,,0
1489,,5nqw,,4,,A B,,C,,0
1490,,5nt1,,6,,E,,F,,0
1491,,5nt7,,4,,C,,D,,0
1492,,5nvk,,8,,A,,B,,0
1493,,5nvl,,4,,A,,B,,0
1494,,5nvm,,4,,A,,B,,0
1495,,5nvn,,4,,A,,B,,0
1496,,5nzz,,8,,A,,H,,0
1497,,5o03,,4,,A B,,C,,0
1498,,5o05,,4,,B,,C,,0
1499,,5o0w,,8,,A,,E,,0
1500,,5o2s,,8,,A,,B,,0
1501,,5o2u,,4,,C,,D,,0
1502,,5o4e,,6,,C D,,E F,,0
1503,,5o74,,12,,A,,B,,0
1504,,5o76,,6,,A,,E,,0
1505,,5oc7,,4,,A,,C,,0
1506,,5odw,,4,,A,,C,,0
1507,,5ohm,,12,,A C,,B D,,0
1508,,5ohp,,3,,A,,B,,0
1509,,5omb,,4,,B,,C,,0
1510,,5omm,,3,,A B,,C,,0
1511,,5ona,,6,,B,,C,,0
1512,,5oo6,,24,,A B,,C,,0
1513,,5oob,,11,,A B,,Z,,0
1514,,5osh,,12,,A,,C,,0
1515,,5otj,,6,,H L,,C,,0
1516,,5otx,,4,,A,,B,,0
1517,,5ovw,,12,,A,,H,,0
1518,,5sv3,,4,,A,,B,,0
1519,,5sws,,5,,A C,,E D,,0
1520,,5swz,,20,,A C,,E D,,0
1521,,5sx4,,6,,I J,,M,,0
1522,,5sx5,,6,,J K,,M,,0
1523,,5sxp,,6,,A C,,G,,0
1524,,5sy8,,3,,H L,,O,,0
1525,,5t1d,,5,,A B,,H L,,0
1526,,5t29,,3,,H L,,O,,0
1527,,5t5b,,6,,H L,,E,,0
1528,,5t5f,,3,,H L,,A,,0
1529,,5t5w,,3,,A B,,C,,0
1530,,5t6l,,6,,H L,,I,,0
1531,,5tdy,,4,,A,,B,,0
1532,,5te4,,3,,H L,,G,,0
1533,,5te6,,3,,H L,,G,,0
1534,,5te7,,3,,H L,,G,,0
1535,,5tez,,5,,A C,,I J,,0
1536,,5tfw,,3,,H L,,O,,0
1537,,5tgh,,8,,A,,B,,0
1538,,5th9,,9,,H L,,A,,0
1539,,5thp,,18,,A B,,C,,0
1540,,5tl6,,4,,A,,B,,0
1541,,5tl7,,4,,A,,B,,0
1542,,5toj,,6,,A B,,D,,0
1543,,5tru,,6,,H L,,C,,0
1544,,5tte,,3,,E F,,B,,0
1545,,5tuv,,6,,A B,,C,,0
1546,,5twa,,4,,A,,D,,0
1547,,5tz2,,3,,H L,,C,,0
1548,,5tzn,,4,,A,,F,,0
1549,,5tzq,,4,,A,,D,,0
1550,,5tzt,,6,,A B,,D,,0
1551,,5u4y,,4,,B,,D,,0
1552,,5u52,,4,,B,,Z,,0
1553,,5u8q,,4,,A,,B,,1
1554,,5ufq,,4,,B,,D,,0
1555,,5un5,,4,,B,,C,,0
1556,,5upk,,3,,A B,,C,,0
1557,,5uq3,,3,,A B,,C,,0
1558,,5ush,,6,,E D,,A,,0
1559,,5usl,,6,,H L,,X,,0
1560,,5utz,,12,,H L,,D,,0
1561,,5uv8,,4,,A,,B,,0
1562,,5uwh,,4,,C,,D,,0
1563,,5uwo,,4,,C,,D,,0
1564,,5uwq,,4,,C,,D,,0
1565,,5uws,,4,,C,,D,,0
1566,,5uwu,,4,,C,,D,,0
1567,,5v52,,4,,A,,D,,0
1568,,5v5g,,4,,A,,B,,0
1569,,5v5i,,4,,A,,B,,0
1570,,5v5v,,12,,A B,,G,,0
1571,,5vag,,3,,B C,,A,,0
1572,,5vcb,,30,,a c,,f,,0
1573,,5vey,,3,,A B,,C,,0
1574,,5vmm,,8,,C B,,E,,0
1575,,5vob,,7,,B D E,,H L,,0
1576,,5vpg,,3,,C D,,A,,0
1577,,5vpl,,3,,C D,,A,,0
1578,,5vt9,,4,,A,,C,,0
1579,,5vu0,,3,,A B,,C,,0
1580,,5vwx,,4,,A C,,B,,0
1581,,5vx0,,4,,A,,B,,0
1582,,5vx2,,4,,A,,B,,0
1583,,5vx3,,8,,A,,B,,0
1584,,5vxz,,4,,A,,C,,0
1585,,5vyf,,6,,H L,,F,,0
1586,,5w06,,3,,H L,,T,,0
1587,,5w08,,18,,G H,,A,,0
1588,,5w0k,,10,,H L,,A,,0
1589,,5w1m,,12,,A B,,R,,0
1590,,5w1t,,14,,C D,,M,,0
1591,,5w3x,,4,,A,,B,,0
1592,,5w42,,4,,H L,,A,,1
1593,,5w6g,,4,,H L,,A,,1
1594,,5w8t,,4,,A,,B,,0
1595,,5w9a,,4,,A B,,D,,0
1596,,5wb7,,8,,A,,E,,0
1597,,5wb8,,4,,A,,C,,0
1598,,5whk,,4,,A,,H L,,0
1599,,5wi9,,6,,A,,H L,,0
1600,,5wko,,24,,I J,,O R,,0
1601,,5wql,,8,,B,,D,,0
1602,,5wt9,,3,,H L,,G,,0
1603,,5wux,,9,,A B,,F,,0
1604,,5wvo,,4,,A B D,,C,,0
1605,,5wy2,,4,,A,,B,,0
1606,,5x0w,,8,,A,,B,,0
1607,,5x4l,,4,,A,,C,,0
1608,,5x60,,3,,A,,C,,0
1609,,5xda,,12,,F,,L,,0
1610,,5xfs,,3,,A B,,C,,0
1611,,5xis,,6,,A,,C,,0
1612,,5xj3,,12,,E D,,F,,0
1613,,5xj4,,3,,H L,,A,,0
1614,,5xjg,,4,,A,,B,,0
1615,,5xku,,3,,A,,B C,,0
1616,,5xmh,,6,,A,,H L,,0
1617,,5xnp,,4,,A,,D,,0
1618,,5xot,,5,,A C,,D E,,0
1619,,5xov,,10,,A C,,I J,,0
1620,,5xqz,,4,,A,,C,,0
1621,,5xsq,,6,,A,,B,,0
1622,,5xwd,,3,,D H,,A,,0
1623,,5xwt,,4,,A,,B,,0
1624,,5xxy,,3,,H L,,A,,0
1625,,5y11,,3,,A B,,C,,0
1626,,5y1z,,4,,A,,C,,0
1627,,5y4r,,4,,A,,D,,0
1628,,5yc5,,3,,A B,,C,,0
1629,,5ydr,,3,,A D,,B,,0
1630,,5yir,,6,,C,,D,,0
1631,,5yis,,4,,A,,C,,0
1632,,5yoy,,18,,A C,,F I,,0
1633,,5ywo,,10,,E C A,,Q R,,0
1634,,5ywp,,10,,E C A,,Q R,,0
1635,,5z78,,3,,A B,,C,,0
1636,,5zxv,,6,,H L,,A,,0
1637,,6a0z,,3,,H L,,A,,0
1638,,6a67,,6,,H L,,A,,0
1639,,6ana,,3,,NaN,,NaN,,2
1640,,6and,,3,,NaN,,NaN,,2
1641,,6ani,,6,,NaN,,NaN,,2
1642,,6aod,,3,,A B,,C,,0
1643,,6aqr,,5,,A,,D,,0
1644,,6asr,,3,,A,,B,,0
1645,,6atk,,6,,A,,D,,0
1646,,6avf,,5,,A B,,H P,,0
1647,,6avg,,10,,C D,,G P,,0
1648,,6azz,,6,,E F,,D,,0
1649,,6b05,,3,,A,,B,,0
1650,,6b08,,3,,B C,,A,,0
1651,,6b0a,,3,,H L,,A,,0
1652,,6b0e,,3,,A B,,E,,0
1653,,6b0g,,3,,C D,,E,,0
1654,,6b0s,,3,,H L,,C,,0
1655,,6b12,,4,,A,,C,,0
1656,,6b3m,,24,,A B,,C D,,0
1657,,6b3s,,12,,H L,,A,,0
1658,,6b8n,,8,,A,,B,,0
1659,,6b9j,,6,,H L,,X,,0
1660,,6bb4,,9,,H L,,P,,0
1661,,6bck,,3,,H L,,G,,0
1662,,6bf4,,6,,C B,,A,,0
1663,,6bit,,6,,H,,K I,,0
1664,,6bkb,,3,,H L,,E,,0
1665,,6bkc,,3,,H L,,E,,0
1666,,6bkd,,3,,H L,,E,,0
1667,,6blh,,3,,H L,,G,,0
1668,,6bli,,12,,A B,,C,,0
1669,,6brs,,4,,A,,F,,0
1670,,6bva,,6,,E D,,B,,0
1671,,6bx4,,4,,A,,C,,0
1672,,6bx5,,4,,A,,C,,0
1673,,6bxa,,4,,A,,C,,0
1674,,6bxc,,4,,A,,D,,0
1675,,6byh,,9,,A E,,D,,0
1676,,6c16,,6,,A C,,H,,0
1677,,6c48,,6,,A B,,C,,0
1678,,6ce9,,8,,M A B,,L,,0
1679,,6ch2,,6,,A,,D,,0
1680,,6cmg,,3,,B C,,A,,0
1681,,6co2,,4,,A,,D,,0
1682,,6cql,,5,,A B C,,D E,,0
1683,,6cqn,,5,,A B C,,D E,,0
1684,,6cqq,,10,,A B C,,D E,,0
1685,,6cqr,,10,,A B C,,D E,,0
1686,,6cwt,,6,,A B,,E F,,0
1687,,6d01,,10,,A C,,I,,0
1688,,6ddm,,3,,A B,,C,,0
1689,,6ddr,,3,,A B,,C,,0
1690,,6ddv,,3,,A B,,C,,0
1691,,6dmx,,10,,C D,,E,,0
1692,,6dnq,,5,,A B,,E,,0
1693,,6e2p,,4,,A,,C,,0
1694,,6E+062,,6,,H L,,P,,0
1695,,6E+063,,6,,H L,,P,,0
1696,,6eg1,,4,,A,,B,,0
1697,,6ehg,,3,,B,,C,,0
1698,,6ejg,,4,,B,,D,,0
1699,,6ejm,,4,,A,,I,,0
1700,,6eyd,,6,,C D,,F,,0
1701,,6eyo,,6,,H L,,A B,,0
1702,,6f3z,,4,,A,,B,,0
1703,,6fc2,,4,,A,,B,,0
1704,,6fe4,,10,,D,,I,,0
1705,,6fgb,,4,,A,,H L,,0
1706,,6fgo,,8,,G,,C,,0
1707,,6fhp,,4,,A,,C,,0
1708,,6flb,,3,,H L,,G,,0
1709,,6flc,,6,,A B,,I,,0
1710,,6fq0,,4,,A,,B,,0
1711,,6fu9,,4,,A,,B,,0
1712,,6g10,,3,,A B,,C,,0
1713,,6gbh,,4,,A,,B,,0
1714,,6gbu,,8,,C,,D,,0
1715,,6gfi,,4,,A,,E,,0
1716,,6h06,,12,,H L,,I,,0
1717,,6h0e,,12,,H L,,I,,0
1718,,6hpr,,4,,A,,B C D,,0
1719,,6ii4,,8,,H L,,A,,0
1720,,6ii8,,12,,A C,,G I,,0
1721,,6ii9,,12,,H L,,A C,,0
1722,,6mft,,6,,H L,,G,,0
1723,,6mgp,,6,,A C,,X,,0
1724,,6mhr,,6,,D E,,F,,0
1725,,6mi2,,6,,A B,,C,,0
1726,,6mkz,,4,,B,,C,,0
1727,,6mlk,,3,,H L,,A,,0
1728,,6rhw,,3,,H G,,C,,1
1729,,6rhv,,3,,H G,,C,,1
1730,,6r8x,,3,,A,,B C,,0
1731,,6r2s,,3,,A B,,C,,0
1732,,6qms,,3,,B C,,A,,0
1733,,6qmq,,3,,B C,,A,,0
1734,,6qmp,,3,,B C,,A,,0
1735,,6qj4,,5,,C,,A B,,0
1736,,6qb6,,3,,H L,,A,,0
1737,,6q69,,4,,A,,B,,0
1738,,6q18,,3,,H L,,A,,0
1739,,6q0o,,3,,Z B,,A,,0
1740,,6q0h,,3,,H L,,A,,0
1741,,6pxh,,6,,C D,,A,,0
1742,,6ppg,,6,,A B,,F G,,0
1743,,6plm,,4,,A,,C,,0
1744,,6plk,,6,,H L,,E,,0
1745,,6phd,,3,,H L,,C,,0
1746,,6phc,,6,,A B,,I,,0
1747,,6phb,,6,,C D,,I,,0
1748,,6pdx,,9,,P O,,C,,0
1749,,6p7y,,4,,A,,B,,0
1750,,6p7s,,4,,A,,B,,0
1751,,6p67,,12,,A B,,K,,0
1752,,6p50,,3,,H L,,C,,0
1753,,6oy4,,3,,C D,,A,,0
1754,,6ous,,24,,Q R,,F E B,,0
1755,,6otc,,3,,H L,,A,,0
1756,,6orq,,12,,E D,,B,,0
1757,,6oro,,12,,H L,,G,,0
1758,,6oqq,,4,,A,,B,,0
1759,,6oor,,4,,H L,,A,,0
1760,,6og4,,3,,A,,C,,0
1761,,6oel,,5,,B C,,H L,,0
1762,,6oc3,,6,,A B,,F,,0
1763,,6obn,,4,,A,,C,,0
1764,,6ob1,,3,,A B,,C,,0
1765,,6oao,,12,,A,,B,,0
1766,,6oan,,4,,A,,B,,0
1767,,6o8b,,4,,A B,,D,,0
1768,,6o60,,4,,A C,,B,,0
1769,,6o3o,,4,,A B,,C D,,0
1770,,6o3b,,6,,A B,,C,,0
1771,,6o3a,,3,,A B,,E,,0
1772,,6o39,,3,,A B,,C,,0
1773,,6o1f,,4,,H L,,A I,,0
1774,,6o07,,3,,A,,B C,,0
1775,,6nzu,,10,,H E A,,J,,0
1776,,6nuf,,3,,A B,,C,,0
1777,,6nuc,,3,,A B,,C,,0
1778,,6nrw,,4,,A,,B,,0
1779,,6nr8,,22,,1,,C,,0
1780,,6nmv,,3,,H L,,S,,0
1781,,6nmu,,6,,H L,,S,,0
1782,,6nmt,,3,,A B,,C,,0
1783,,6nms,,6,,H L,,S,,0
1784,,6nmr,,12,,H L,,S,,0
1785,,6nk7,,17,,NaN,,NaN,,1
1786,,6nha,,4,,A,,L,,0
1787,,6nfj,,6,,A,,C,,0
1788,,6ndz,,6,,A,,B,,0
1789,,6n6r,,4,,A,,B D,,0
1790,,6n5w,,3,,A B,,C,,0
1791,,6mvl,,3,,H L,,A,,0
1792,,6mun,,3,,A,,C,,0
1793,,6msu,,3,,A B,,C,,0
1794,,6mss,,4,,A B,,C,,0
1795,,6msl,,3,,A B,,C,,0
1796,,6moe,,4,,A,,D,,0
1797,,6mnr,,3,,H L,,P,,0
1798,,6mnq,,3,,H L,,P,,0
1799,,6mm6,,4,,C,,D,,0
1800,,6mlm,,12,,B H,,K L,,0
1801,,6mam,,12,,A B,,I J,,0
1802,,6m9k,,6,,A C,,D,,0
1803,,6km7,,4,,A,,C,,0
1804,,6kbn,,4,,A,,B,,0
1805,,6k7o,,12,,H L,,A,,0
1806,,6k4k,,4,,A,,C,,0
1807,,6k0y,,3,,A B,,C,,0
1808,,6jo8,,9,,A B,,O,,0
1809,,6jjp,,6,,A B,,C,,0
1810,,6jhw,,4,,A,,B,,0
1811,,6jep,,6,,H L,,E,,0
1812,,6jdj,,3,,A B,,C,,0
1813,,6jbt,,3,,H L,,F,,0
1814,,6j9l,,3,,A B,,E,,0
1815,,6j9h,,4,,A,,B,,0
1816,,6j7w,,4,,A,,C,,0
1817,,6j6y,,6,,C B,,A,,0
1818,,6j5f,,3,,H L,,A,,0
1819,,6j5d,,3,,H L,,A,,0
1820,,6j56,,4,,A,,C,,0
1821,,6j14,,3,,A B,,G,,0
1822,,6j11,,9,,H L,,A,,0
1823,,6iw0,,3,,H L,,A,,1
1824,,6ivz,,3,,H L,,A,,1
1825,,6isu,,3,,C B,,A,,0
1826,,6in9,,4,,A,,D,,0
1827,,6ilm,,6,,NaN,,NaN,,2
1828,,6ilk,,5,,NaN,,NaN,,2
1829,,6iec,,12,,H L,,A,,0
1830,,6ieb,,6,,H L,,A,,0
1831,,6iea,,3,,H L,,A,,0
1832,,6ib8,,3,,A,,C,,0
1833,,6i07,,4,,B,,D,,0
1834,,6ht9,,4,,A,,B,,0
1835,,6hhc,,3,,H L,,A,,0
1836,,6h71,,4,,B,,D,,0
1837,,6h6z,,4,,A B,,D,,0
1838,,6h3t,,6,,H L,,A,,0
1839,,6h3u,,6,,H L,,B,,0
1840,,6h2y,,3,,H L,,D,,0
1841,,6h15,,4,,A,,C,,0
1842,,6gwc,,3,,A,,C,,0
1843,,6gtq,,4,,A,,C,,0
1844,,6gku,,3,,H L,,A,,1
1845,,6gjq,,8,,A,,B,,0
1846,,6fto,,3,,A B,,C,,0
1847,,6fpg,,8,,B,,D,,0
1848,,6fg2,,8,,I M,,E D,,0
1849,,6f0h,,4,,A C,,B,,1
1850,,6f0g,,4,,A,,C,,0
1851,,6ewb,,12,,A B,,E F,,0
1852,,6ere,,4,,C,,B,,0
1853,,6e4z,,3,,H L,,P,,0
1854,,6e4y,,3,,H L,,P,,0
1855,,6dwh,,12,,D,,J,,0
1856,,6dwf,,12,,A,,G,,0
1857,,6dld,,4,,A,,B,,0
1858,,6dkj,,6,,H L,,C,,0
1859,,6dg5,,3,,A,,B C,,0
1860,,6dfs,,4,,A B,,C D,,0
1861,,6dca,,12,,H L,,P,,0
1862,,6dcn,,4,,A,,D,,0
1863,,6dc9,,6,,H L,,P,,0
1864,,6dc3,,3,,H L,,F,,0
1865,,6d7g,,3,,E D,,A,,0
1866,,6d68,,4,,A,,C,,0
1867,,6czo,,4,,A,,B,,0
1868,,6cxl,,4,,NaN,,NaN,,2
1869,,6cxg,,6,,C,,M H K,,0
1870,,6cxf,,4,,C D,,A,,0
1871,,6cwg,,4,,A,,B,,0
1872,,6cug,,4,,A,,D E,,0
1873,,6c83,,4,,A B,,C,,0
1874,,6bx8,,8,,A,,B,,0
1875,,6ath,,3,,A B,,C,,0
1876,,6a7v,,8,,H K,,G E A,,0
1877,,6a79,,6,,H L,,A,,0
1878,,6a78,,6,,H L,,A,,0
1879,,6a6x,,4,,A B,,C D,,0
1880,,6a6i,,8,,A,,B,,0
1881,,6a3v,,24,,A,,B,,0
1882,,5zvm,,6,,A B,,a,,0
1883,,5zqv,,8,,A,,E,,0
1884,,5zo2,,3,,C,,B,,0
1885,,5z7l,,4,,A,,C D,,0
1886,,5z7g,,4,,B,,C D,,0
1887,,5ymy,,3,,A B,,C,,0
1888,,5y9j,,3,,H L,,A,,0
1889,,5xkj,,6,,A C,,E,,0
1890,,5xjo,,6,,A C,,E,,0
1891,,5ock,,3,,H L,,A,,0
1892,,5nx3,,4,,A,,C,,0
1893,,5nx1,,4,,A,,C,,0
1894,,5nl1,,12,,A,,H,,0
1895,,5kof,,4,,A B,,C,,0
1896,,6j9m,,6,,C D,,A,,0
1897,,6h6y,,8,,A B,,E,,0
1898,,6fg1,,4,,A D,,H L,,0
1899,,6dc8,,3,,H L,,P,,0
1900,,6a3w,,12,,A B,,C,,0
1901,,5swk,,4,,A B,,C D,,0
1902,,6s8s,,4,,A,,B,,0
1903,,6sak,,4,,A,,C,,0
1904,,6saz,,4,,A,,B,,0
1905,,6thg,,10,,A B,,D,,0
1906,,6tzc,,3,,A B,,C,,0
1907,,6u2h,,4,,A B,,C D,,0
1908,,6u8c,,6,,B,,C D,,0
1909,,6uda,,12,,K L,,I,,0
1910,,6um5,,12,,H G,,E,,0
1911,,6uvo,,3,,H L,,D,,0
1912,,6uys,,4,,A,,B,,0
1913,,6uyu,,4,,A,,B,,0
